[{"group_id":"mostlyd1-2635-43df-968f-b566efd0a96a","alice":"V2","david":5.0,"emily":"A3","jacob":null,"james":36,"john":"X7","mike":16,"lucas":2.9,"mary":0.6,"sarah":0.0},{"group_id":"mostly40-c64c-4d48-aa85-14c5d72f3c9e","alice":"V0","david":4.3,"emily":"A2","jacob":33.0,"james":36,"john":"X5","mike":3,"lucas":3.1,"mary":3.6,"sarah":0.0},{"group_id":"mostly11-fb8e-40f2-a629-111a97491c78","alice":"V2","david":5.1,"emily":"A0","jacob":null,"james":16,"john":"X7","mike":13,"lucas":1.7,"mary":1.6,"sarah":0.0},{"group_id":"mostly99-41cf-4335-a1df-a74cc6c82e19","alice":"V2","david":5.2,"emily":"A4","jacob":null,"james":44,"john":"X1","mike":11,"lucas":3.3,"mary":0.6,"sarah":0.0},{"group_id":"mostly58-2e73-4405-ba96-6fbfdd01fb41","alice":"V0","david":3.3,"emily":"A0","jacob":null,"james":31,"john":"X5","mike":0,"lucas":2.7,"mary":1.8,"sarah":0.0},{"group_id":"mostlyfb-96c8-4472-ac84-1244c2ac2508","alice":"V0","david":4.3,"emily":"A0","jacob":null,"james":23,"john":null,"mike":11,"lucas":2.1,"mary":null,"sarah":null},{"group_id":"mostlyc0-3a4d-41f3-8631-3eb96d8892a0","alice":"V3","david":4.0,"emily":"A0","jacob":null,"james":18,"john":"X1","mike":21,"lucas":1.8,"mary":1.4,"sarah":0.0},{"group_id":"mostly7c-0a3f-458f-964e-41500b0ce7d3","alice":"V1","david":3.0,"emily":"A2","jacob":null,"james":44,"john":"X3","mike":4,"lucas":3.5,"mary":0.8,"sarah":0.0},{"group_id":"mostly77-22c0-4bbc-9ecd-19a934b01bd2","alice":"V2","david":4.9,"emily":"A3","jacob":11.0,"james":37,"john":"X2","mike":19,"lucas":3.0,"mary":0.2,"sarah":0.0},{"group_id":"mostly77-dfd6-4f06-a03e-d400de8c9c65","alice":"V2","david":5.0,"emily":"A0","jacob":null,"james":16,"john":"X2","mike":19,"lucas":1.7,"mary":1.1,"sarah":0.0},{"group_id":"mostly1c-d0fb-48de-9067-9b62e638681d","alice":"V0","david":4.6,"emily":"A3","jacob":null,"james":37,"john":"X2","mike":13,"lucas":3.0,"mary":1.4,"sarah":0.0},{"group_id":"mostlyb1-b768-4ef3-bebb-b889e234a72d","alice":"V9","david":4.5,"emily":"A0","jacob":18.0,"james":26,"john":"X5","mike":3,"lucas":2.4,"mary":1.1,"sarah":null},{"group_id":"mostly26-2085-4a2a-aa54-106a63117c44","alice":"V2","david":4.4,"emily":"A3","jacob":10.0,"james":38,"john":"X1","mike":4,"lucas":3.1,"mary":0.4,"sarah":0.0},{"group_id":"mostly2e-2e14-4153-955a-8e15a88074f8","alice":"V0","david":5.2,"emily":"A3","jacob":null,"james":36,"john":"X1","mike":-1,"lucas":3.0,"mary":0.1,"sarah":0.0},{"group_id":"mostly21-c008-4374-bfff-97261f3032e4","alice":"V0","david":5.2,"emily":"A1","jacob":null,"james":27,"john":"X4","mike":15,"lucas":2.4,"mary":0.7,"sarah":0.4},{"group_id":"mostly26-81c3-41e1-acd5-193126e8a339","alice":"V0","david":5.2,"emily":"A4","jacob":null,"james":44,"john":"X1","mike":6,"lucas":3.3,"mary":0.3,"sarah":null},{"group_id":"mostlyf7-ba5b-4f53-a100-a273635a8cdd","alice":"V0","david":2.9,"emily":"A2","jacob":null,"james":42,"john":"X2","mike":3,"lucas":3.4,"mary":0.5,"sarah":0.0},{"group_id":"mostlycc-4e78-4f9f-b8f1-f0ef560018a9","alice":"V0","david":4.5,"emily":"A2","jacob":null,"james":35,"john":"X2","mike":7,"lucas":2.9,"mary":0.4,"sarah":0.0},{"group_id":"mostly30-f110-426c-961f-c00d7b86480e","alice":"V2","david":5.1,"emily":"A2","jacob":25.0,"james":30,"john":"X6","mike":1,"lucas":2.7,"mary":1.4,"sarah":0.0},{"group_id":"mostlyf8-b709-4afe-a8e8-0b054fa11950","alice":"V0","david":5.0,"emily":"A2","jacob":null,"james":33,"john":"X7","mike":15,"lucas":2.7,"mary":0.0,"sarah":0.0},{"group_id":"mostlyd1-2635-43df-968f-b566efd0a96a","alice":"V2","david":4.7,"emily":"A3","jacob":null,"james":37,"john":"X7","mike":16,"lucas":2.8,"mary":0.9,"sarah":0.0},{"group_id":"mostly40-c64c-4d48-aa85-14c5d72f3c9e","alice":"V0","david":4.5,"emily":"A2","jacob":31.0,"james":34,"john":"X5","mike":3,"lucas":2.7,"mary":3.1,"sarah":0.0},{"group_id":"mostly11-fb8e-40f2-a629-111a97491c78","alice":"V7","david":5.1,"emily":"A0","jacob":null,"james":18,"john":"X7","mike":13,"lucas":1.6,"mary":0.5,"sarah":0.2},{"group_id":"mostly99-41cf-4335-a1df-a74cc6c82e19","alice":"V5","david":5.2,"emily":"A4","jacob":null,"james":42,"john":"X6","mike":11,"lucas":3.0,"mary":0.4,"sarah":1.3},{"group_id":"mostly58-2e73-4405-ba96-6fbfdd01fb41","alice":"V0","david":4.3,"emily":"A0","jacob":null,"james":27,"john":"X5","mike":0,"lucas":2.3,"mary":2.9,"sarah":0.0},{"group_id":"mostlyfb-96c8-4472-ac84-1244c2ac2508","alice":"V0","david":4.6,"emily":"A0","jacob":null,"james":20,"john":null,"mike":12,"lucas":1.9,"mary":null,"sarah":null},{"group_id":"mostlyc0-3a4d-41f3-8631-3eb96d8892a0","alice":"V3","david":3.5,"emily":"A0","jacob":null,"james":20,"john":"X1","mike":21,"lucas":1.8,"mary":1.9,"sarah":0.0},{"group_id":"mostly7c-0a3f-458f-964e-41500b0ce7d3","alice":"V1","david":2.0,"emily":"A1","jacob":null,"james":50,"john":"X1","mike":5,"lucas":3.7,"mary":0.6,"sarah":0.0},{"group_id":"mostly77-22c0-4bbc-9ecd-19a934b01bd2","alice":"V2","david":4.6,"emily":"A2","jacob":13.0,"james":36,"john":"X4","mike":19,"lucas":2.8,"mary":0.4,"sarah":0.0},{"group_id":"mostly77-dfd6-4f06-a03e-d400de8c9c65","alice":"V2","david":5.0,"emily":"A0","jacob":null,"james":10,"john":"X2","mike":19,"lucas":1.1,"mary":0.7,"sarah":0.0},{"group_id":"mostly1c-d0fb-48de-9067-9b62e638681d","alice":"V0","david":4.7,"emily":"A2","jacob":null,"james":35,"john":"X2","mike":13,"lucas":2.8,"mary":0.7,"sarah":0.0},{"group_id":"mostlyb1-b768-4ef3-bebb-b889e234a72d","alice":"V9","david":4.3,"emily":"A1","jacob":20.0,"james":28,"john":"X4","mike":2,"lucas":2.3,"mary":1.7,"sarah":null},{"group_id":"mostly26-2085-4a2a-aa54-106a63117c44","alice":"V9","david":3.8,"emily":"A2","jacob":11.0,"james":40,"john":"X6","mike":3,"lucas":3.1,"mary":0.4,"sarah":0.0},{"group_id":"mostly2e-2e14-4153-955a-8e15a88074f8","alice":"V0","david":4.3,"emily":"A3","jacob":null,"james":42,"john":"X3","mike":-1,"lucas":3.2,"mary":0.4,"sarah":0.0},{"group_id":"mostly21-c008-4374-bfff-97261f3032e4","alice":"V0","david":5.0,"emily":"A1","jacob":null,"james":28,"john":"X4","mike":15,"lucas":2.3,"mary":0.5,"sarah":0.2},{"group_id":"mostly26-81c3-41e1-acd5-193126e8a339","alice":"V0","david":4.9,"emily":"A4","jacob":null,"james":46,"john":"X2","mike":10,"lucas":3.3,"mary":0.3,"sarah":null},{"group_id":"mostlyf7-ba5b-4f53-a100-a273635a8cdd","alice":"V0","david":3.5,"emily":"A1","jacob":null,"james":39,"john":"X1","mike":0,"lucas":3.1,"mary":0.7,"sarah":0.0},{"group_id":"mostlycc-4e78-4f9f-b8f1-f0ef560018a9","alice":"V0","david":4.8,"emily":"A2","jacob":null,"james":34,"john":"X2","mike":8,"lucas":2.7,"mary":0.2,"sarah":0.0},{"group_id":"mostly30-f110-426c-961f-c00d7b86480e","alice":"V2","david":5.0,"emily":"A2","jacob":14.0,"james":31,"john":"X5","mike":1,"lucas":2.5,"mary":1.3,"sarah":0.0},{"group_id":"mostlyf8-b709-4afe-a8e8-0b054fa11950","alice":"V0","david":4.6,"emily":"A2","jacob":null,"james":31,"john":"X4","mike":17,"lucas":2.5,"mary":0.6,"sarah":0.0},{"group_id":"mostlyd1-2635-43df-968f-b566efd0a96a","alice":"V11","david":4.7,"emily":"A3","jacob":null,"james":38,"john":"X7","mike":18,"lucas":2.7,"mary":0.7,"sarah":0.2},{"group_id":"mostly40-c64c-4d48-aa85-14c5d72f3c9e","alice":"V0","david":4.6,"emily":"A1","jacob":23.0,"james":33,"john":"X6","mike":3,"lucas":2.6,"mary":2.4,"sarah":0.0},{"group_id":"mostly11-fb8e-40f2-a629-111a97491c78","alice":"V12","david":5.0,"emily":"A0","jacob":null,"james":17,"john":"X7","mike":15,"lucas":1.4,"mary":1.3,"sarah":0.3},{"group_id":"mostly99-41cf-4335-a1df-a74cc6c82e19","alice":"V2","david":5.2,"emily":"A4","jacob":null,"james":40,"john":"X4","mike":13,"lucas":2.8,"mary":0.5,"sarah":0.0},{"group_id":"mostly58-2e73-4405-ba96-6fbfdd01fb41","alice":"V0","david":3.7,"emily":"A0","jacob":null,"james":28,"john":"X5","mike":0,"lucas":2.1,"mary":2.2,"sarah":0.0},{"group_id":"mostlyfb-96c8-4472-ac84-1244c2ac2508","alice":"V0","david":4.7,"emily":"A0","jacob":null,"james":21,"john":null,"mike":13,"lucas":1.8,"mary":null,"sarah":null},{"group_id":"mostlyc0-3a4d-41f3-8631-3eb96d8892a0","alice":"V3","david":2.8,"emily":"A0","jacob":null,"james":20,"john":"X2","mike":21,"lucas":1.6,"mary":1.1,"sarah":0.0},{"group_id":"mostly7c-0a3f-458f-964e-41500b0ce7d3","alice":"V3","david":2.1,"emily":"A2","jacob":null,"james":56,"john":"X4","mike":1,"lucas":3.9,"mary":0.6,"sarah":0.0},{"group_id":"mostly77-22c0-4bbc-9ecd-19a934b01bd2","alice":"V3","david":4.7,"emily":"A2","jacob":12.0,"james":36,"john":"X4","mike":18,"lucas":2.7,"mary":0.4,"sarah":0.0},{"group_id":"mostly77-dfd6-4f06-a03e-d400de8c9c65","alice":"V2","david":4.8,"emily":"A0","jacob":null,"james":18,"john":"X1","mike":18,"lucas":1.5,"mary":0.6,"sarah":0.0},{"group_id":"mostly1c-d0fb-48de-9067-9b62e638681d","alice":"V0","david":5.3,"emily":"A3","jacob":null,"james":34,"john":"X2","mike":11,"lucas":2.5,"mary":0.5,"sarah":0.0},{"group_id":"mostlyb1-b768-4ef3-bebb-b889e234a72d","alice":"V2","david":3.5,"emily":"A0","jacob":21.0,"james":32,"john":"X4","mike":1,"lucas":2.5,"mary":2.0,"sarah":null},{"group_id":"mostly26-2085-4a2a-aa54-106a63117c44","alice":"V3","david":3.5,"emily":"A3","jacob":22.0,"james":45,"john":"X3","mike":4,"lucas":3.3,"mary":1.9,"sarah":0.0},{"group_id":"mostly2e-2e14-4153-955a-8e15a88074f8","alice":"V0","david":3.8,"emily":"A3","jacob":null,"james":45,"john":"X6","mike":-1,"lucas":3.3,"mary":0.5,"sarah":0.0},{"group_id":"mostly21-c008-4374-bfff-97261f3032e4","alice":"V0","david":5.1,"emily":"A1","jacob":null,"james":27,"john":"X5","mike":17,"lucas":2.2,"mary":0.7,"sarah":0.0},{"group_id":"mostly26-81c3-41e1-acd5-193126e8a339","alice":"V0","david":4.4,"emily":"A4","jacob":null,"james":48,"john":"X3","mike":8,"lucas":3.3,"mary":0.6,"sarah":null},{"group_id":"mostlyf7-ba5b-4f53-a100-a273635a8cdd","alice":"V0","david":3.5,"emily":"A1","jacob":null,"james":37,"john":"X1","mike":0,"lucas":2.8,"mary":1.3,"sarah":0.0},{"group_id":"mostlycc-4e78-4f9f-b8f1-f0ef560018a9","alice":"V0","david":4.3,"emily":"A2","jacob":null,"james":38,"john":"X3","mike":9,"lucas":2.8,"mary":0.3,"sarah":0.0},{"group_id":"mostly30-f110-426c-961f-c00d7b86480e","alice":"V2","david":4.9,"emily":"A2","jacob":22.0,"james":33,"john":"X4","mike":1,"lucas":2.5,"mary":1.3,"sarah":0.0},{"group_id":"mostlyf8-b709-4afe-a8e8-0b054fa11950","alice":"V0","david":4.7,"emily":"A2","jacob":null,"james":34,"john":"X2","mike":15,"lucas":2.5,"mary":0.3,"sarah":0.0},{"group_id":"mostlyd1-2635-43df-968f-b566efd0a96a","alice":"V2","david":4.6,"emily":"A3","jacob":null,"james":40,"john":"X0","mike":17,"lucas":2.7,"mary":0.8,"sarah":0.0},{"group_id":"mostly40-c64c-4d48-aa85-14c5d72f3c9e","alice":"V0","david":4.6,"emily":"A1","jacob":25.0,"james":30,"john":"X6","mike":4,"lucas":2.3,"mary":2.8,"sarah":0.0},{"group_id":"mostly11-fb8e-40f2-a629-111a97491c78","alice":"V2","david":4.9,"emily":"A0","jacob":null,"james":20,"john":"X7","mike":16,"lucas":1.6,"mary":1.1,"sarah":0.0},{"group_id":"mostly99-41cf-4335-a1df-a74cc6c82e19","alice":"V2","david":5.2,"emily":"A4","jacob":null,"james":40,"john":"X5","mike":14,"lucas":2.7,"mary":0.5,"sarah":0.0},{"group_id":"mostly58-2e73-4405-ba96-6fbfdd01fb41","alice":"V0","david":4.2,"emily":"A0","jacob":null,"james":26,"john":"X5","mike":0,"lucas":1.9,"mary":1.7,"sarah":0.0},{"group_id":"mostlyfb-96c8-4472-ac84-1244c2ac2508","alice":"V0","david":4.7,"emily":"A0","jacob":null,"james":23,"john":null,"mike":11,"lucas":1.8,"mary":null,"sarah":null},{"group_id":"mostlyc0-3a4d-41f3-8631-3eb96d8892a0","alice":"V2","david":3.3,"emily":"A0","jacob":null,"james":25,"john":"X3","mike":20,"lucas":1.8,"mary":1.7,"sarah":0.0},{"group_id":"mostly7c-0a3f-458f-964e-41500b0ce7d3","alice":"V2","david":2.0,"emily":"A2","jacob":null,"james":51,"john":"X5","mike":1,"lucas":3.9,"mary":0.8,"sarah":0.0},{"group_id":"mostly77-22c0-4bbc-9ecd-19a934b01bd2","alice":"V3","david":4.5,"emily":"A3","jacob":16.0,"james":40,"john":"X3","mike":19,"lucas":2.8,"mary":0.5,"sarah":0.2},{"group_id":"mostly77-dfd6-4f06-a03e-d400de8c9c65","alice":"V2","david":4.9,"emily":"A0","jacob":null,"james":17,"john":"X1","mike":13,"lucas":1.3,"mary":0.8,"sarah":0.0},{"group_id":"mostly1c-d0fb-48de-9067-9b62e638681d","alice":"V0","david":4.4,"emily":"A2","jacob":null,"james":37,"john":"X2","mike":11,"lucas":2.6,"mary":0.8,"sarah":0.0},{"group_id":"mostlyb1-b768-4ef3-bebb-b889e234a72d","alice":"V11","david":4.1,"emily":"A1","jacob":21.0,"james":30,"john":"X4","mike":1,"lucas":2.2,"mary":1.4,"sarah":null},{"group_id":"mostly26-2085-4a2a-aa54-106a63117c44","alice":"V3","david":3.2,"emily":"A2","jacob":26.0,"james":44,"john":"X4","mike":4,"lucas":3.1,"mary":2.4,"sarah":0.0},{"group_id":"mostly2e-2e14-4153-955a-8e15a88074f8","alice":"V0","david":3.8,"emily":"A3","jacob":null,"james":46,"john":"X4","mike":-1,"lucas":3.3,"mary":0.5,"sarah":0.0},{"group_id":"mostly21-c008-4374-bfff-97261f3032e4","alice":"V0","david":5.1,"emily":"A1","jacob":null,"james":27,"john":"X4","mike":16,"lucas":2.0,"mary":0.5,"sarah":0.1},{"group_id":"mostly26-81c3-41e1-acd5-193126e8a339","alice":"V0","david":4.5,"emily":"A4","jacob":null,"james":47,"john":"X4","mike":6,"lucas":3.1,"mary":1.1,"sarah":null},{"group_id":"mostlyf7-ba5b-4f53-a100-a273635a8cdd","alice":"V0","david":3.2,"emily":"A2","jacob":null,"james":42,"john":"X0","mike":0,"lucas":2.9,"mary":0.7,"sarah":0.0},{"group_id":"mostlycc-4e78-4f9f-b8f1-f0ef560018a9","alice":"V0","david":4.2,"emily":"A2","jacob":null,"james":37,"john":"X0","mike":11,"lucas":2.6,"mary":0.6,"sarah":0.0},{"group_id":"mostly30-f110-426c-961f-c00d7b86480e","alice":"V2","david":5.1,"emily":"A2","jacob":16.0,"james":32,"john":"X4","mike":1,"lucas":2.3,"mary":1.2,"sarah":0.6},{"group_id":"mostlyf8-b709-4afe-a8e8-0b054fa11950","alice":"V0","david":5.3,"emily":"A3","jacob":null,"james":34,"john":"X0","mike":17,"lucas":2.3,"mary":0.0,"sarah":0.0},{"group_id":"mostlyd1-2635-43df-968f-b566efd0a96a","alice":"V2","david":4.3,"emily":"A3","jacob":null,"james":39,"john":"X1","mike":16,"lucas":2.5,"mary":0.6,"sarah":0.0},{"group_id":"mostly40-c64c-4d48-aa85-14c5d72f3c9e","alice":"V0","david":4.3,"emily":"A1","jacob":25.0,"james":34,"john":"X6","mike":8,"lucas":2.3,"mary":2.8,"sarah":0.0},{"group_id":"mostly11-fb8e-40f2-a629-111a97491c78","alice":"V2","david":4.7,"emily":"A0","jacob":null,"james":20,"john":"X7","mike":17,"lucas":1.3,"mary":1.3,"sarah":0.0},{"group_id":"mostly99-41cf-4335-a1df-a74cc6c82e19","alice":"V2","david":5.0,"emily":"A4","jacob":null,"james":45,"john":"X6","mike":13,"lucas":2.8,"mary":0.5,"sarah":0.0},{"group_id":"mostly58-2e73-4405-ba96-6fbfdd01fb41","alice":"V0","david":3.4,"emily":"A0","jacob":null,"james":26,"john":"X5","mike":1,"lucas":1.8,"mary":1.8,"sarah":0.0},{"group_id":"mostlyfb-96c8-4472-ac84-1244c2ac2508","alice":"V0","david":4.3,"emily":"A0","jacob":null,"james":21,"john":null,"mike":10,"lucas":1.6,"mary":null,"sarah":null},{"group_id":"mostlyc0-3a4d-41f3-8631-3eb96d8892a0","alice":"V1","david":4.0,"emily":"A0","jacob":null,"james":20,"john":"X1","mike":19,"lucas":1.4,"mary":1.4,"sarah":0.0},{"group_id":"mostly7c-0a3f-458f-964e-41500b0ce7d3","alice":"V2","david":2.2,"emily":"A2","jacob":null,"james":47,"john":"X3","mike":1,"lucas":3.1,"mary":0.8,"sarah":0.0},{"group_id":"mostly77-22c0-4bbc-9ecd-19a934b01bd2","alice":"V3","david":4.5,"emily":"A3","jacob":18.0,"james":40,"john":"X4","mike":18,"lucas":2.6,"mary":0.1,"sarah":0.0},{"group_id":"mostly77-dfd6-4f06-a03e-d400de8c9c65","alice":"V2","david":4.8,"emily":"A0","jacob":null,"james":13,"john":"X5","mike":14,"lucas":0.9,"mary":0.3,"sarah":0.0},{"group_id":"mostly1c-d0fb-48de-9067-9b62e638681d","alice":"V0","david":4.7,"emily":"A3","jacob":null,"james":37,"john":"X2","mike":11,"lucas":2.5,"mary":1.6,"sarah":0.0},{"group_id":"mostlyb1-b768-4ef3-bebb-b889e234a72d","alice":"V2","david":4.8,"emily":"A1","jacob":18.0,"james":28,"john":"X4","mike":1,"lucas":1.9,"mary":1.3,"sarah":null},{"group_id":"mostly26-2085-4a2a-aa54-106a63117c44","alice":"V3","david":3.1,"emily":"A2","jacob":17.0,"james":44,"john":"X5","mike":5,"lucas":2.9,"mary":1.1,"sarah":0.0},{"group_id":"mostly2e-2e14-4153-955a-8e15a88074f8","alice":"V0","david":4.7,"emily":"A3","jacob":null,"james":39,"john":"X3","mike":-1,"lucas":2.7,"mary":0.2,"sarah":0.0},{"group_id":"mostly21-c008-4374-bfff-97261f3032e4","alice":"V0","david":5.2,"emily":"A1","jacob":null,"james":27,"john":"X5","mike":16,"lucas":1.9,"mary":0.4,"sarah":0.0},{"group_id":"mostly26-81c3-41e1-acd5-193126e8a339","alice":"V0","david":4.5,"emily":"A4","jacob":null,"james":47,"john":"X4","mike":8,"lucas":2.9,"mary":0.4,"sarah":null},{"group_id":"mostlyf7-ba5b-4f53-a100-a273635a8cdd","alice":"V0","david":2.8,"emily":"A2","jacob":null,"james":46,"john":"X0","mike":0,"lucas":3.1,"mary":1.5,"sarah":0.0},{"group_id":"mostlycc-4e78-4f9f-b8f1-f0ef560018a9","alice":"V0","david":4.4,"emily":"A2","jacob":null,"james":34,"john":"X0","mike":9,"lucas":2.3,"mary":0.5,"sarah":0.0},{"group_id":"mostly30-f110-426c-961f-c00d7b86480e","alice":"V2","david":5.0,"emily":"A2","jacob":18.0,"james":32,"john":"X3","mike":0,"lucas":2.1,"mary":1.3,"sarah":0.0},{"group_id":"mostlyf8-b709-4afe-a8e8-0b054fa11950","alice":"V0","david":4.8,"emily":"A3","jacob":null,"james":36,"john":"X2","mike":17,"lucas":2.4,"mary":0.3,"sarah":0.0},{"group_id":"mostlyd1-2635-43df-968f-b566efd0a96a","alice":"V2","david":4.8,"emily":"A3","jacob":null,"james":36,"john":"X1","mike":17,"lucas":2.2,"mary":0.6,"sarah":0.0},{"group_id":"mostly40-c64c-4d48-aa85-14c5d72f3c9e","alice":"V0","david":4.3,"emily":"A1","jacob":29.0,"james":33,"john":"X6","mike":10,"lucas":2.1,"mary":2.5,"sarah":0.0},{"group_id":"mostly11-fb8e-40f2-a629-111a97491c78","alice":"V2","david":4.6,"emily":"A0","jacob":null,"james":17,"john":"X6","mike":17,"lucas":1.0,"mary":0.9,"sarah":0.0},{"group_id":"mostly99-41cf-4335-a1df-a74cc6c82e19","alice":"V2","david":4.5,"emily":"A4","jacob":null,"james":46,"john":"X6","mike":10,"lucas":2.8,"mary":0.6,"sarah":0.0},{"group_id":"mostly58-2e73-4405-ba96-6fbfdd01fb41","alice":"V0","david":3.1,"emily":"A0","jacob":null,"james":29,"john":"X5","mike":2,"lucas":1.9,"mary":1.9,"sarah":0.0},{"group_id":"mostlyfb-96c8-4472-ac84-1244c2ac2508","alice":"V0","david":5.0,"emily":"A0","jacob":null,"james":23,"john":null,"mike":9,"lucas":1.5,"mary":null,"sarah":null},{"group_id":"mostlyc0-3a4d-41f3-8631-3eb96d8892a0","alice":"V2","david":3.8,"emily":"A0","jacob":null,"james":20,"john":"X1","mike":20,"lucas":1.3,"mary":1.7,"sarah":0.0},{"group_id":"mostly7c-0a3f-458f-964e-41500b0ce7d3","alice":"V2","david":3.2,"emily":"A2","jacob":null,"james":43,"john":"X2","mike":1,"lucas":2.7,"mary":0.6,"sarah":0.0},{"group_id":"mostly77-22c0-4bbc-9ecd-19a934b01bd2","alice":"V3","david":4.7,"emily":"A3","jacob":11.0,"james":37,"john":"X4","mike":18,"lucas":2.3,"mary":0.1,"sarah":0.0},{"group_id":"mostly77-dfd6-4f06-a03e-d400de8c9c65","alice":"V2","david":4.9,"emily":"A0","jacob":null,"james":10,"john":"X4","mike":14,"lucas":0.6,"mary":0.6,"sarah":0.0},{"group_id":"mostly1c-d0fb-48de-9067-9b62e638681d","alice":"V0","david":4.9,"emily":"A3","jacob":null,"james":37,"john":"X2","mike":10,"lucas":2.3,"mary":1.7,"sarah":0.0},{"group_id":"mostlyb1-b768-4ef3-bebb-b889e234a72d","alice":"V3","david":4.7,"emily":"A1","jacob":21.0,"james":27,"john":"X4","mike":0,"lucas":1.7,"mary":1.9,"sarah":null},{"group_id":"mostly26-2085-4a2a-aa54-106a63117c44","alice":"V3","david":3.6,"emily":"A1","jacob":12.0,"james":38,"john":"X4","mike":5,"lucas":2.4,"mary":0.9,"sarah":0.0},{"group_id":"mostly2e-2e14-4153-955a-8e15a88074f8","alice":"V0","david":4.6,"emily":"A3","jacob":null,"james":40,"john":"X3","mike":-1,"lucas":2.7,"mary":0.3,"sarah":0.0},{"group_id":"mostly21-c008-4374-bfff-97261f3032e4","alice":"V0","david":5.0,"emily":"A1","jacob":null,"james":29,"john":"X1","mike":17,"lucas":1.9,"mary":0.5,"sarah":0.0},{"group_id":"mostlyf7-ba5b-4f53-a100-a273635a8cdd","alice":"V0","david":2.2,"emily":"A2","jacob":null,"james":48,"john":"X1","mike":0,"lucas":3.1,"mary":1.5,"sarah":0.0},{"group_id":"mostlycc-4e78-4f9f-b8f1-f0ef560018a9","alice":"V0","david":4.9,"emily":"A2","jacob":null,"james":31,"john":"X0","mike":13,"lucas":2.0,"mary":0.0,"sarah":0.0},{"group_id":"mostly30-f110-426c-961f-c00d7b86480e","alice":"V6","david":5.1,"emily":"A2","jacob":19.0,"james":32,"john":"X2","mike":0,"lucas":2.1,"mary":1.6,"sarah":0.2},{"group_id":"mostlyf8-b709-4afe-a8e8-0b054fa11950","alice":"V0","david":4.9,"emily":"A3","jacob":null,"james":37,"john":"X2","mike":16,"lucas":2.4,"mary":0.6,"sarah":0.0},{"group_id":"mostlyd1-2635-43df-968f-b566efd0a96a","alice":"V3","david":5.2,"emily":"A3","jacob":null,"james":34,"john":"X4","mike":17,"lucas":2.0,"mary":0.6,"sarah":0.0},{"group_id":"mostly40-c64c-4d48-aa85-14c5d72f3c9e","alice":"V0","david":3.9,"emily":"A1","jacob":26.0,"james":34,"john":"X6","mike":10,"lucas":2.1,"mary":1.7,"sarah":0.0},{"group_id":"mostly11-fb8e-40f2-a629-111a97491c78","alice":"V2","david":4.9,"emily":"A0","jacob":null,"james":13,"john":"X7","mike":15,"lucas":0.7,"mary":0.6,"sarah":0.0},{"group_id":"mostly58-2e73-4405-ba96-6fbfdd01fb41","alice":"V0","david":3.6,"emily":"A0","jacob":null,"james":28,"john":"X4","mike":4,"lucas":1.6,"mary":2.3,"sarah":0.0},{"group_id":"mostlyfb-96c8-4472-ac84-1244c2ac2508","alice":"V0","david":5.2,"emily":"A0","jacob":null,"james":23,"john":null,"mike":10,"lucas":1.5,"mary":null,"sarah":null},{"group_id":"mostlyc0-3a4d-41f3-8631-3eb96d8892a0","alice":"V2","david":3.8,"emily":"A0","jacob":null,"james":21,"john":"X1","mike":18,"lucas":1.1,"mary":1.1,"sarah":0.0},{"group_id":"mostly7c-0a3f-458f-964e-41500b0ce7d3","alice":"V2","david":3.9,"emily":"A2","jacob":null,"james":41,"john":"X0","mike":4,"lucas":2.5,"mary":0.6,"sarah":0.0},{"group_id":"mostly77-22c0-4bbc-9ecd-19a934b01bd2","alice":"V3","david":4.7,"emily":"A3","jacob":16.0,"james":37,"john":"X4","mike":19,"lucas":2.2,"mary":1.6,"sarah":0.0},{"group_id":"mostly77-dfd6-4f06-a03e-d400de8c9c65","alice":"V2","david":4.9,"emily":null,"jacob":null,"james":9,"john":"X4","mike":14,"lucas":0.3,"mary":0.9,"sarah":0.0},{"group_id":"mostly1c-d0fb-48de-9067-9b62e638681d","alice":"V0","david":4.8,"emily":"A3","jacob":null,"james":36,"john":"X2","mike":9,"lucas":2.1,"mary":1.7,"sarah":0.0},{"group_id":"mostlyb1-b768-4ef3-bebb-b889e234a72d","alice":"V9","david":4.8,"emily":"A1","jacob":23.0,"james":29,"john":"X4","mike":0,"lucas":1.7,"mary":2.4,"sarah":null},{"group_id":"mostly26-2085-4a2a-aa54-106a63117c44","alice":"V9","david":4.7,"emily":"A2","jacob":15.0,"james":34,"john":"X5","mike":9,"lucas":2.0,"mary":0.9,"sarah":0.0},{"group_id":"mostly2e-2e14-4153-955a-8e15a88074f8","alice":"V0","david":5.0,"emily":"A3","jacob":null,"james":38,"john":"X7","mike":-1,"lucas":2.3,"mary":0.1,"sarah":0.0},{"group_id":"mostly21-c008-4374-bfff-97261f3032e4","alice":"V0","david":5.0,"emily":"A1","jacob":null,"james":28,"john":"X0","mike":17,"lucas":1.7,"mary":0.4,"sarah":0.0},{"group_id":"mostlyf7-ba5b-4f53-a100-a273635a8cdd","alice":"V0","david":3.7,"emily":"A2","jacob":null,"james":38,"john":"X1","mike":0,"lucas":2.3,"mary":1.3,"sarah":0.0},{"group_id":"mostlycc-4e78-4f9f-b8f1-f0ef560018a9","alice":"V0","david":5.0,"emily":"A1","jacob":null,"james":29,"john":"X2","mike":13,"lucas":1.7,"mary":0.4,"sarah":0.0},{"group_id":"mostly30-f110-426c-961f-c00d7b86480e","alice":"V6","david":5.2,"emily":"A2","jacob":21.0,"james":31,"john":"X4","mike":0,"lucas":1.9,"mary":1.7,"sarah":0.1},{"group_id":"mostlyf8-b709-4afe-a8e8-0b054fa11950","alice":"V0","david":5.0,"emily":"A3","jacob":null,"james":34,"john":"X1","mike":16,"lucas":2.0,"mary":0.6,"sarah":0.0},{"group_id":"mostly40-c64c-4d48-aa85-14c5d72f3c9e","alice":"V0","david":4.7,"emily":"A1","jacob":14.0,"james":32,"john":"X7","mike":11,"lucas":1.8,"mary":0.5,"sarah":0.0},{"group_id":"mostly11-fb8e-40f2-a629-111a97491c78","alice":"V2","david":4.9,"emily":"A0","jacob":null,"james":16,"john":"X0","mike":14,"lucas":0.7,"mary":0.7,"sarah":0.0},{"group_id":"mostly58-2e73-4405-ba96-6fbfdd01fb41","alice":"V0","david":4.6,"emily":"A0","jacob":null,"james":23,"john":"X4","mike":8,"lucas":1.2,"mary":1.6,"sarah":0.0},{"group_id":"mostlyfb-96c8-4472-ac84-1244c2ac2508","alice":"V0","david":5.1,"emily":"A0","jacob":null,"james":21,"john":null,"mike":12,"lucas":1.1,"mary":null,"sarah":null},{"group_id":"mostlyc0-3a4d-41f3-8631-3eb96d8892a0","alice":"V2","david":2.8,"emily":"A0","jacob":null,"james":28,"john":"X2","mike":18,"lucas":1.5,"mary":0.7,"sarah":0.0},{"group_id":"mostly7c-0a3f-458f-964e-41500b0ce7d3","alice":"V1","david":3.2,"emily":"A2","jacob":null,"james":42,"john":"X2","mike":2,"lucas":2.5,"mary":0.3,"sarah":0.0},{"group_id":"mostly77-22c0-4bbc-9ecd-19a934b01bd2","alice":"V1","david":4.7,"emily":"A2","jacob":16.0,"james":36,"john":"X4","mike":19,"lucas":2.0,"mary":1.7,"sarah":0.2},{"group_id":"mostly77-dfd6-4f06-a03e-d400de8c9c65","alice":"V2","david":4.9,"emily":"A0","jacob":null,"james":10,"john":"X6","mike":13,"lucas":0.3,"mary":0.9,"sarah":0.0},{"group_id":"mostly1c-d0fb-48de-9067-9b62e638681d","alice":"V0","david":5.0,"emily":"A3","jacob":null,"james":35,"john":"X2","mike":9,"lucas":1.9,"mary":2.4,"sarah":0.0},{"group_id":"mostlyb1-b768-4ef3-bebb-b889e234a72d","alice":"V8","david":4.8,"emily":"A1","jacob":23.0,"james":28,"john":"X4","mike":0,"lucas":1.7,"mary":1.9,"sarah":null},{"group_id":"mostly26-2085-4a2a-aa54-106a63117c44","alice":"V9","david":4.2,"emily":"A2","jacob":12.0,"james":37,"john":"X7","mike":9,"lucas":2.1,"mary":0.9,"sarah":0.0},{"group_id":"mostly2e-2e14-4153-955a-8e15a88074f8","alice":"V0","david":4.6,"emily":"A4","jacob":null,"james":42,"john":"X4","mike":-1,"lucas":2.5,"mary":0.2,"sarah":0.0},{"group_id":"mostly21-c008-4374-bfff-97261f3032e4","alice":"V0","david":4.8,"emily":"A1","jacob":null,"james":28,"john":"X7","mike":18,"lucas":1.5,"mary":0.4,"sarah":0.0},{"group_id":"mostlyf7-ba5b-4f53-a100-a273635a8cdd","alice":"V0","david":4.4,"emily":"A2","jacob":null,"james":35,"john":"X1","mike":0,"lucas":1.9,"mary":0.6,"sarah":0.0},{"group_id":"mostlycc-4e78-4f9f-b8f1-f0ef560018a9","alice":"V0","david":4.9,"emily":"A2","jacob":null,"james":32,"john":"X1","mike":11,"lucas":1.8,"mary":0.3,"sarah":0.0},{"group_id":"mostly30-f110-426c-961f-c00d7b86480e","alice":"V2","david":5.0,"emily":"A2","jacob":26.0,"james":32,"john":"X4","mike":0,"lucas":1.8,"mary":2.2,"sarah":0.0},{"group_id":"mostlyf8-b709-4afe-a8e8-0b054fa11950","alice":"V0","david":5.1,"emily":"A2","jacob":null,"james":32,"john":"X0","mike":14,"lucas":1.8,"mary":0.6,"sarah":0.0},{"group_id":"mostly40-c64c-4d48-aa85-14c5d72f3c9e","alice":"V0","david":4.9,"emily":"A2","jacob":14.0,"james":31,"john":"X7","mike":10,"lucas":1.6,"mary":0.8,"sarah":0.0},{"group_id":"mostly58-2e73-4405-ba96-6fbfdd01fb41","alice":"V0","david":4.7,"emily":"A0","jacob":null,"james":24,"john":"X4","mike":9,"lucas":1.1,"mary":2.1,"sarah":0.0},{"group_id":"mostlyfb-96c8-4472-ac84-1244c2ac2508","alice":"V4","david":4.9,"emily":"A0","jacob":null,"james":19,"john":null,"mike":9,"lucas":0.9,"mary":null,"sarah":null},{"group_id":"mostlyc0-3a4d-41f3-8631-3eb96d8892a0","alice":"V2","david":2.8,"emily":"A0","jacob":null,"james":26,"john":"X3","mike":16,"lucas":1.3,"mary":0.9,"sarah":0.0},{"group_id":"mostly77-dfd6-4f06-a03e-d400de8c9c65","alice":"V2","david":4.9,"emily":null,"jacob":null,"james":8,"john":"X6","mike":12,"lucas":0.1,"mary":1.3,"sarah":0.0},{"group_id":"mostlyb1-b768-4ef3-bebb-b889e234a72d","alice":"V8","david":4.8,"emily":"A1","jacob":28.0,"james":28,"john":"X5","mike":0,"lucas":1.3,"mary":2.8,"sarah":0.3},{"group_id":"mostly2e-2e14-4153-955a-8e15a88074f8","alice":"V0","david":2.8,"emily":"A3","jacob":null,"james":49,"john":"X3","mike":-1,"lucas":2.9,"mary":0.6,"sarah":0.0},{"group_id":"mostly21-c008-4374-bfff-97261f3032e4","alice":"V0","david":5.0,"emily":"A1","jacob":null,"james":27,"john":"X4","mike":17,"lucas":1.3,"mary":0.4,"sarah":0.2},{"group_id":"mostlyf7-ba5b-4f53-a100-a273635a8cdd","alice":"V0","david":4.4,"emily":"A2","jacob":null,"james":36,"john":"X1","mike":0,"lucas":1.9,"mary":0.7,"sarah":0.0},{"group_id":"mostly30-f110-426c-961f-c00d7b86480e","alice":"V2","david":5.0,"emily":"A2","jacob":25.0,"james":32,"john":"X4","mike":0,"lucas":1.7,"mary":2.4,"sarah":0.0},{"group_id":"mostlyfb-96c8-4472-ac84-1244c2ac2508","alice":"V0","david":4.9,"emily":"A0","jacob":null,"james":17,"john":null,"mike":9,"lucas":0.7,"mary":null,"sarah":null}]