[{"group_id":"mostly40-c64c-4d48-aa85-14c5d72f3c9e"},{"group_id":"mostlyc0-3a4d-41f3-8631-3eb96d8892a0"},{"group_id":"mostlyf8-b709-4afe-a8e8-0b054fa11950"},{"group_id":"mostly11-fb8e-40f2-a629-111a97491c78"},{"group_id":"mostlyfb-96c8-4472-ac84-1244c2ac2508"},{"group_id":"mostly26-81c3-41e1-acd5-193126e8a339"},{"group_id":"mostly2e-2e14-4153-955a-8e15a88074f8"},{"group_id":"mostlyf7-ba5b-4f53-a100-a273635a8cdd"},{"group_id":"mostly1c-d0fb-48de-9067-9b62e638681d"},{"group_id":"mostlycc-4e78-4f9f-b8f1-f0ef560018a9"},{"group_id":"mostlyb1-b768-4ef3-bebb-b889e234a72d"},{"group_id":"mostly30-f110-426c-961f-c00d7b86480e"},{"group_id":"mostly7c-0a3f-458f-964e-41500b0ce7d3"},{"group_id":"mostly77-dfd6-4f06-a03e-d400de8c9c65"},{"group_id":"mostly99-41cf-4335-a1df-a74cc6c82e19"},{"group_id":"mostly21-c008-4374-bfff-97261f3032e4"},{"group_id":"mostly58-2e73-4405-ba96-6fbfdd01fb41"},{"group_id":"mostly26-2085-4a2a-aa54-106a63117c44"},{"group_id":"mostly77-22c0-4bbc-9ecd-19a934b01bd2"},{"group_id":"mostlyd1-2635-43df-968f-b566efd0a96a"}]