{
    "columns": {
        "alice": {
            "value_protection": true,
            "encoding_type": "TABULAR_CATEGORICAL",
            "no_of_rare_categories": 0,
            "codes": {
                "_RARE_": 0,
                "V0": 1,
                "V1": 2,
                "V10": 3,
                "V11": 4,
                "V12": 5,
                "V2": 6,
                "V3": 7,
                "V4": 8,
                "V5": 9,
                "V6": 10,
                "V7": 11,
                "V8": 12,
                "V9": 13
            },
            "cardinalities": {
                "cat": 14
            },
            "argn_processor": "tgt",
            "argn_table": "t0",
            "argn_column": "c0"
        },
        "david": {
            "encoding_type": "TABULAR_NUMERIC_DISCRETE",
            "cardinalities": {
                "cat": 44
            },
            "codes": {
                "_RARE_": 0,
                "<<NULL>>": 1,
                "1.2": 2,
                "1.3": 3,
                "1.4": 4,
                "1.5": 5,
                "1.6": 6,
                "1.7": 7,
                "1.8": 8,
                "1.9": 9,
                "2.0": 10,
                "2.1": 11,
                "2.2": 12,
                "2.3": 13,
                "2.4": 14,
                "2.5": 15,
                "2.6": 16,
                "2.7": 17,
                "2.8": 18,
                "2.9": 19,
                "3.0": 20,
                "3.1": 21,
                "3.2": 22,
                "3.3": 23,
                "3.4": 24,
                "3.5": 25,
                "3.6": 26,
                "3.7": 27,
                "3.8": 28,
                "3.9": 29,
                "4.0": 30,
                "4.1": 31,
                "4.2": 32,
                "4.3": 33,
                "4.4": 34,
                "4.5": 35,
                "4.6": 36,
                "4.7": 37,
                "4.8": 38,
                "4.9": 39,
                "5.0": 40,
                "5.1": 41,
                "5.2": 42,
                "5.3": 43
            },
            "min_decimal": -1,
            "argn_processor": "tgt",
            "argn_table": "t1",
            "argn_column": "c1"
        },
        "emily": {
            "value_protection": true,
            "encoding_type": "TABULAR_CATEGORICAL",
            "no_of_rare_categories": 0,
            "codes": {
                "_RARE_": 0,
                "<<NULL>>": 1,
                "A0": 2,
                "A1": 3,
                "A2": 4,
                "A3": 5,
                "A4": 6
            },
            "cardinalities": {
                "cat": 7
            },
            "argn_processor": "tgt",
            "argn_table": "t2",
            "argn_column": "c2"
        },
        "jacob": {
            "encoding_type": "TABULAR_NUMERIC_DISCRETE",
            "cardinalities": {
                "cat": 38
            },
            "codes": {
                "_RARE_": 0,
                "<<NULL>>": 1,
                "5.0": 2,
                "6.0": 3,
                "7.0": 4,
                "8.0": 5,
                "9.0": 6,
                "10.0": 7,
                "11.0": 8,
                "12.0": 9,
                "13.0": 10,
                "14.0": 11,
                "15.0": 12,
                "16.0": 13,
                "17.0": 14,
                "18.0": 15,
                "19.0": 16,
                "20.0": 17,
                "21.0": 18,
                "22.0": 19,
                "23.0": 20,
                "24.0": 21,
                "25.0": 22,
                "26.0": 23,
                "27.0": 24,
                "28.0": 25,
                "29.0": 26,
                "30.0": 27,
                "31.0": 28,
                "32.0": 29,
                "33.0": 30,
                "34.0": 31,
                "35.0": 32,
                "36.0": 33,
                "37.0": 34,
                "38.0": 35,
                "39.0": 36,
                "40.0": 37
            },
            "min_decimal": 0,
            "argn_processor": "tgt",
            "argn_table": "t3",
            "argn_column": "c3"
        },
        "james": {
            "encoding_type": "TABULAR_NUMERIC_DISCRETE",
            "cardinalities": {
                "cat": 64
            },
            "codes": {
                "_RARE_": 0,
                "-5.0": 1,
                "-4.0": 2,
                "-3.0": 3,
                "-2.0": 4,
                "-1.0": 5,
                "-0.0": 6,
                "1.0": 7,
                "2.0": 8,
                "3.0": 9,
                "4.0": 10,
                "5.0": 11,
                "6.0": 12,
                "7.0": 13,
                "8.0": 14,
                "9.0": 15,
                "10.0": 16,
                "11.0": 17,
                "12.0": 18,
                "13.0": 19,
                "14.0": 20,
                "15.0": 21,
                "16.0": 22,
                "17.0": 23,
                "18.0": 24,
                "19.0": 25,
                "20.0": 26,
                "21.0": 27,
                "22.0": 28,
                "23.0": 29,
                "24.0": 30,
                "25.0": 31,
                "26.0": 32,
                "27.0": 33,
                "28.0": 34,
                "29.0": 35,
                "30.0": 36,
                "31.0": 37,
                "32.0": 38,
                "33.0": 39,
                "34.0": 40,
                "35.0": 41,
                "36.0": 42,
                "37.0": 43,
                "38.0": 44,
                "39.0": 45,
                "40.0": 46,
                "41.0": 47,
                "42.0": 48,
                "43.0": 49,
                "44.0": 50,
                "45.0": 51,
                "46.0": 52,
                "47.0": 53,
                "48.0": 54,
                "49.0": 55,
                "50.0": 56,
                "51.0": 57,
                "52.0": 58,
                "53.0": 59,
                "54.0": 60,
                "55.0": 61,
                "56.0": 62,
                "57.0": 63
            },
            "min_decimal": 0,
            "argn_processor": "tgt",
            "argn_table": "t4",
            "argn_column": "c4"
        },
        "john": {
            "value_protection": true,
            "encoding_type": "TABULAR_CATEGORICAL",
            "no_of_rare_categories": 0,
            "codes": {
                "_RARE_": 0,
                "<<NULL>>": 1,
                "X0": 2,
                "X1": 3,
                "X2": 4,
                "X3": 5,
                "X4": 6,
                "X5": 7,
                "X6": 8,
                "X7": 9
            },
            "cardinalities": {
                "cat": 10
            },
            "argn_processor": "tgt",
            "argn_table": "t5",
            "argn_column": "c5"
        },
        "mike": {
            "value_protection": true,
            "encoding_type": "TABULAR_NUMERIC_DISCRETE",
            "cardinalities": {
                "cat": 24
            },
            "codes": {
                "_RARE_": 0,
                "-1": 1,
                "0": 2,
                "1": 3,
                "2": 4,
                "3": 5,
                "4": 6,
                "5": 7,
                "6": 8,
                "7": 9,
                "8": 10,
                "9": 11,
                "10": 12,
                "11": 13,
                "12": 14,
                "13": 15,
                "14": 16,
                "15": 17,
                "16": 18,
                "17": 19,
                "18": 20,
                "19": 21,
                "20": 22,
                "21": 23
            },
            "min_decimal": 0,
            "argn_processor": "tgt",
            "argn_table": "t6",
            "argn_column": "c6"
        },
        "lucas": {
            "encoding_type": "TABULAR_NUMERIC_DISCRETE",
            "cardinalities": {
                "cat": 61
            },
            "codes": {
                "_RARE_": 0,
                "-0.9": 1,
                "-0.8": 2,
                "-0.7": 3,
                "-0.6": 4,
                "-0.5": 5,
                "-0.4": 6,
                "-0.3": 7,
                "-0.2": 8,
                "-0.1": 9,
                "0.0": 10,
                "0.1": 11,
                "0.2": 12,
                "0.3": 13,
                "0.4": 14,
                "0.5": 15,
                "0.6": 16,
                "0.7": 17,
                "0.8": 18,
                "0.9": 19,
                "1.0": 20,
                "1.1": 21,
                "1.2": 22,
                "1.3": 23,
                "1.4": 24,
                "1.5": 25,
                "1.6": 26,
                "1.7": 27,
                "1.8": 28,
                "1.9": 29,
                "2.0": 30,
                "2.1": 31,
                "2.2": 32,
                "2.3": 33,
                "2.4": 34,
                "2.5": 35,
                "2.6": 36,
                "2.7": 37,
                "2.8": 38,
                "2.9": 39,
                "3.0": 40,
                "3.1": 41,
                "3.2": 42,
                "3.3": 43,
                "3.4": 44,
                "3.5": 45,
                "3.6": 46,
                "3.7": 47,
                "3.8": 48,
                "3.9": 49,
                "4.0": 50,
                "4.1": 51,
                "4.2": 52,
                "4.3": 53,
                "4.4": 54,
                "4.5": 55,
                "4.6": 56,
                "4.7": 57,
                "4.8": 58,
                "4.9": 59,
                "5.0": 60
            },
            "min_decimal": -1,
            "argn_processor": "tgt",
            "argn_table": "t7",
            "argn_column": "c7"
        },
        "mary": {
            "encoding_type": "TABULAR_NUMERIC_DISCRETE",
            "cardinalities": {
                "cat": 54
            },
            "codes": {
                "_RARE_": 0,
                "<<NULL>>": 1,
                "0.0": 2,
                "0.1": 3,
                "0.2": 4,
                "0.3": 5,
                "0.4": 6,
                "0.5": 7,
                "0.6": 8,
                "0.7": 9,
                "0.8": 10,
                "0.9": 11,
                "1.0": 12,
                "1.1": 13,
                "1.2": 14,
                "1.3": 15,
                "1.4": 16,
                "1.5": 17,
                "1.6": 18,
                "1.7": 19,
                "1.8": 20,
                "1.9": 21,
                "2.0": 22,
                "2.1": 23,
                "2.2": 24,
                "2.3": 25,
                "2.4": 26,
                "2.5": 27,
                "2.6": 28,
                "2.7": 29,
                "2.8": 30,
                "2.9": 31,
                "3.0": 32,
                "3.1": 33,
                "3.2": 34,
                "3.3": 35,
                "3.4": 36,
                "3.5": 37,
                "3.6": 38,
                "3.7": 39,
                "3.8": 40,
                "3.9": 41,
                "4.0": 42,
                "4.1": 43,
                "4.2": 44,
                "4.3": 45,
                "4.4": 46,
                "4.5": 47,
                "4.6": 48,
                "4.7": 49,
                "4.8": 50,
                "4.9": 51,
                "5.0": 52,
                "5.1": 53
            },
            "min_decimal": -1,
            "argn_processor": "tgt",
            "argn_table": "t8",
            "argn_column": "c8"
        },
        "sarah": {
            "encoding_type": "TABULAR_NUMERIC_DISCRETE",
            "cardinalities": {
                "cat": 24
            },
            "codes": {
                "_RARE_": 0,
                "<<NULL>>": 1,
                "0.0": 2,
                "0.1": 3,
                "0.2": 4,
                "0.3": 5,
                "0.4": 6,
                "0.5": 7,
                "0.6": 8,
                "0.7": 9,
                "0.8": 10,
                "0.9": 11,
                "1.0": 12,
                "1.1": 13,
                "1.2": 14,
                "1.3": 15,
                "1.4": 16,
                "1.5": 17,
                "1.6": 18,
                "1.7": 19,
                "1.8": 20,
                "1.9": 21,
                "2.0": 22,
                "2.1": 23
            },
            "min_decimal": -1,
            "argn_processor": "tgt",
            "argn_table": "t9",
            "argn_column": "c9"
        }
    },
    "no_of_training_records": 15930,
    "no_of_validation_records": 4070,
    "seq_len": {
        "min": 5,
        "max": 10,
        "median": 8,
        "value_protection": true
    },
    "is_sequential": true,
    "keys": {
        "context_key": "group_id"
    },
    "value_protection_epsilon_spent": null
}