{
  "id": "925455b9-3680-41f6-ac0f-0397a4661493",
  "name": "Sequential Data Challenge - Medium-512",
  "description": null,
  "trainingStatus": "DONE",
  "trainingTime": null,
  "usage": null,
  "metadata": null,
  "accuracy": 0.9597371,
  "tables": [
    {
      "id": "95c6b70c-2029-4abe-b497-2c5650106e6b",
      "sourceConnectorId": "25e5c7b3-942c-4d68-80e1-8d68eed6be48",
      "location": "/root/mostlyai/connectors/25e5c7b3-942c-4d68-80e1-8d68eed6be48/data.parquet",
      "name": "groups",
      "primaryKey": "group_id",
      "columns": [
        {
          "id": "55c50374-2fb3-4a5b-bd0e-9c8c26f7b997",
          "name": "group_id",
          "included": true,
          "modelEncodingType": "AUTO",
          "valueRange": null
        }
      ],
      "foreignKeys": null,
      "tabularModelMetrics": null,
      "languageModelMetrics": null,
      "tabularModelConfiguration": {
        "model": "MOSTLY_AI/Medium",
        "maxSampleSize": null,
        "batchSize": null,
        "gradientAccumulationSteps": null,
        "maxTrainingTime": 14400.0,
        "maxEpochs": 100.0,
        "maxSequenceWindow": 100,
        "enableFlexibleGeneration": true,
        "valueProtection": true,
        "rareCategoryReplacementMethod": "CONSTANT",
        "differentialPrivacy": null,
        "compute": null,
        "enableModelReport": true
      },
      "languageModelConfiguration": null,
      "totalRows": 20000
    },
    {
      "id": "729720e4-42c0-40e6-9fc9-9285587ac952",
      "sourceConnectorId": "0fc69c8a-3bdc-444f-a494-77aa874751d5",
      "location": "/root/mostlyai/connectors/0fc69c8a-3bdc-444f-a494-77aa874751d5/data.parquet",
      "name": "events",
      "primaryKey": null,
      "columns": [
        {
          "id": "9905a75d-9faf-4964-990b-ad2b7b23e251",
          "name": "group_id",
          "included": true,
          "modelEncodingType": "TABULAR_CATEGORICAL",
          "valueRange": null
        },
        {
          "id": "8d28350f-f281-4a2c-ba07-f5626423e5e1",
          "name": "alice",
          "included": true,
          "modelEncodingType": "TABULAR_CATEGORICAL",
          "valueRange": {
            "min": null,
            "max": null,
            "values": [
              "V0",
              "V1",
              "V10",
              "V11",
              "V12",
              "V2",
              "V3",
              "V4",
              "V5",
              "V6",
              "V7",
              "V8",
              "V9"
            ],
            "has_null": false
          }
        },
        {
          "id": "faafaba1-9d26-4cec-82e7-8190a61f5928",
          "name": "david",
          "included": true,
          "modelEncodingType": "TABULAR_NUMERIC_DISCRETE",
          "valueRange": {
            "min": null,
            "max": null,
            "values": [
              "1.2",
              "1.3",
              "1.4",
              "1.5",
              "1.6",
              "1.7",
              "1.8",
              "1.9",
              "2.0",
              "2.1",
              "2.2",
              "2.3",
              "2.4",
              "2.5",
              "2.6",
              "2.7",
              "2.8",
              "2.9",
              "3.0",
              "3.1",
              "3.2",
              "3.3",
              "3.4",
              "3.5",
              "3.6",
              "3.7",
              "3.8",
              "3.9",
              "4.0",
              "4.1",
              "4.2",
              "4.3",
              "4.4",
              "4.5",
              "4.6",
              "4.7",
              "4.8",
              "4.9",
              "5.0",
              "5.1",
              "5.2",
              "5.3"
            ],
            "has_null": true
          }
        },
        {
          "id": "9fd35a3b-e67e-4de9-a475-12586733d61e",
          "name": "emily",
          "included": true,
          "modelEncodingType": "TABULAR_CATEGORICAL",
          "valueRange": {
            "min": null,
            "max": null,
            "values": [
              "A0",
              "A1",
              "A2",
              "A3",
              "A4"
            ],
            "has_null": true
          }
        },
        {
          "id": "f95dff53-933e-40ed-87d9-da620c5b5e70",
          "name": "jacob",
          "included": true,
          "modelEncodingType": "TABULAR_NUMERIC_DISCRETE",
          "valueRange": {
            "min": null,
            "max": null,
            "values": [
              "5.0",
              "6.0",
              "7.0",
              "8.0",
              "9.0",
              "10.0",
              "11.0",
              "12.0",
              "13.0",
              "14.0",
              "15.0",
              "16.0",
              "17.0",
              "18.0",
              "19.0",
              "20.0",
              "21.0",
              "22.0",
              "23.0",
              "24.0",
              "25.0",
              "26.0",
              "27.0",
              "28.0",
              "29.0",
              "30.0",
              "31.0",
              "32.0",
              "33.0",
              "34.0",
              "35.0",
              "36.0",
              "37.0",
              "38.0",
              "39.0",
              "40.0"
            ],
            "has_null": true
          }
        },
        {
          "id": "8a24f017-c95a-4545-95c3-afc560f41825",
          "name": "james",
          "included": true,
          "modelEncodingType": "TABULAR_NUMERIC_DISCRETE",
          "valueRange": {
            "min": null,
            "max": null,
            "values": [
              "-5.0",
              "-4.0",
              "-3.0",
              "-2.0",
              "-1.0",
              "-0.0",
              "1.0",
              "2.0",
              "3.0",
              "4.0",
              "5.0",
              "6.0",
              "7.0",
              "8.0",
              "9.0",
              "10.0",
              "11.0",
              "12.0",
              "13.0",
              "14.0",
              "15.0",
              "16.0",
              "17.0",
              "18.0",
              "19.0",
              "20.0",
              "21.0",
              "22.0",
              "23.0",
              "24.0",
              "25.0",
              "26.0",
              "27.0",
              "28.0",
              "29.0",
              "30.0",
              "31.0",
              "32.0",
              "33.0",
              "34.0",
              "35.0",
              "36.0",
              "37.0",
              "38.0",
              "39.0",
              "40.0",
              "41.0",
              "42.0",
              "43.0",
              "44.0",
              "45.0",
              "46.0",
              "47.0",
              "48.0",
              "49.0",
              "50.0",
              "51.0",
              "52.0",
              "53.0",
              "54.0",
              "55.0",
              "56.0",
              "57.0"
            ],
            "has_null": false
          }
        },
        {
          "id": "0c600456-d6eb-44a8-b844-4791a1a76bf8",
          "name": "john",
          "included": true,
          "modelEncodingType": "TABULAR_CATEGORICAL",
          "valueRange": {
            "min": null,
            "max": null,
            "values": [
              "X0",
              "X1",
              "X2",
              "X3",
              "X4",
              "X5",
              "X6",
              "X7"
            ],
            "has_null": true
          }
        },
        {
          "id": "b7fbd72a-6c39-4940-8afa-61dbaad9265a",
          "name": "mike",
          "included": true,
          "modelEncodingType": "TABULAR_NUMERIC_DISCRETE",
          "valueRange": {
            "min": null,
            "max": null,
            "values": [
              "-1",
              "0",
              "1",
              "2",
              "3",
              "4",
              "5",
              "6",
              "7",
              "8",
              "9",
              "10",
              "11",
              "12",
              "13",
              "14",
              "15",
              "16",
              "17",
              "18",
              "19",
              "20",
              "21"
            ],
            "has_null": false
          }
        },
        {
          "id": "bb8a2531-594b-4d7f-9ee7-c8177d3a1a3f",
          "name": "lucas",
          "included": true,
          "modelEncodingType": "TABULAR_NUMERIC_DISCRETE",
          "valueRange": {
            "min": null,
            "max": null,
            "values": [
              "-0.9",
              "-0.8",
              "-0.7",
              "-0.6",
              "-0.5",
              "-0.4",
              "-0.3",
              "-0.2",
              "-0.1",
              "0.0",
              "0.1",
              "0.2",
              "0.3",
              "0.4",
              "0.5",
              "0.6",
              "0.7",
              "0.8",
              "0.9",
              "1.0",
              "1.1",
              "1.2",
              "1.3",
              "1.4",
              "1.5",
              "1.6",
              "1.7",
              "1.8",
              "1.9",
              "2.0",
              "2.1",
              "2.2",
              "2.3",
              "2.4",
              "2.5",
              "2.6",
              "2.7",
              "2.8",
              "2.9",
              "3.0",
              "3.1",
              "3.2",
              "3.3",
              "3.4",
              "3.5",
              "3.6",
              "3.7",
              "3.8",
              "3.9",
              "4.0",
              "4.1",
              "4.2",
              "4.3",
              "4.4",
              "4.5",
              "4.6",
              "4.7",
              "4.8",
              "4.9",
              "5.0"
            ],
            "has_null": false
          }
        },
        {
          "id": "1f61a559-cf86-4cce-9186-877ca8e6dc84",
          "name": "mary",
          "included": true,
          "modelEncodingType": "TABULAR_NUMERIC_DISCRETE",
          "valueRange": {
            "min": null,
            "max": null,
            "values": [
              "0.0",
              "0.1",
              "0.2",
              "0.3",
              "0.4",
              "0.5",
              "0.6",
              "0.7",
              "0.8",
              "0.9",
              "1.0",
              "1.1",
              "1.2",
              "1.3",
              "1.4",
              "1.5",
              "1.6",
              "1.7",
              "1.8",
              "1.9",
              "2.0",
              "2.1",
              "2.2",
              "2.3",
              "2.4",
              "2.5",
              "2.6",
              "2.7",
              "2.8",
              "2.9",
              "3.0",
              "3.1",
              "3.2",
              "3.3",
              "3.4",
              "3.5",
              "3.6",
              "3.7",
              "3.8",
              "3.9",
              "4.0",
              "4.1",
              "4.2",
              "4.3",
              "4.4",
              "4.5",
              "4.6",
              "4.7",
              "4.8",
              "4.9",
              "5.0",
              "5.1"
            ],
            "has_null": true
          }
        },
        {
          "id": "f28adbc0-4bfc-47ab-b791-57f8d19dd80b",
          "name": "sarah",
          "included": true,
          "modelEncodingType": "TABULAR_NUMERIC_DISCRETE",
          "valueRange": {
            "min": null,
            "max": null,
            "values": [
              "0.0",
              "0.1",
              "0.2",
              "0.3",
              "0.4",
              "0.5",
              "0.6",
              "0.7",
              "0.8",
              "0.9",
              "1.0",
              "1.1",
              "1.2",
              "1.3",
              "1.4",
              "1.5",
              "1.6",
              "1.7",
              "1.8",
              "1.9",
              "2.0",
              "2.1"
            ],
            "has_null": true
          }
        }
      ],
      "foreignKeys": [
        {
          "id": "82a558b6-2793-4896-9b2b-a09ed5bc35cd",
          "column": "group_id",
          "referencedTable": "groups",
          "isContext": true
        }
      ],
      "tabularModelMetrics": {
        "accuracy": {
          "overall": 0.9597371,
          "univariate": 0.9826318,
          "bivariate": 0.9631836,
          "trivariate": 0.9176524,
          "coherence": 0.9754807,
          "overallMax": 0.9680479,
          "univariateMax": 0.9898282,
          "bivariateMax": 0.9704996,
          "trivariateMax": 0.9252905,
          "coherenceMax": 0.9865733
        },
        "distances": {
          "imsTraining": 0.0,
          "imsHoldout": 0.0,
          "imsTrnHol": 0.0,
          "dcrTraining": 0.101,
          "dcrHoldout": 0.103,
          "dcrTrnHol": 0.097,
          "dcrShare": 0.518,
          "nndrTraining": 0.087105740835,
          "nndrHoldout": 0.070018995443,
          "nndrTrnHol": 0.039601343965
        },
        "similarity": {
          "cosineSimilarityTrainingSynthetic": 0.9991199,
          "cosineSimilarityTrainingHoldout": 0.999407,
          "discriminatorAUCTrainingSynthetic": 0.537,
          "discriminatorAUCTrainingHoldout": 0.533
        }
      },
      "languageModelMetrics": null,
      "tabularModelConfiguration": {
        "model": "MOSTLY_AI/Medium",
        "maxSampleSize": null,
        "batchSize": 512,
        "gradientAccumulationSteps": 1,
        "maxTrainingTime": 360.0,
        "maxEpochs": 200.0,
        "maxSequenceWindow": 10,
        "enableFlexibleGeneration": false,
        "valueProtection": true,
        "rareCategoryReplacementMethod": "SAMPLE",
        "differentialPrivacy": null,
        "compute": null,
        "enableModelReport": true
      },
      "languageModelConfiguration": null,
      "totalRows": 154456
    }
  ],
  "randomState": null
}