{
    "model_id": "MOSTLY_AI/Medium",
    "model_units": {
        "embedder@tgt:/__slen_cat": 10,
        "embedder@tgt:/__sidx_cat": 10,
        "embedder@tgt:/__sdec_cat": 10,
        "embedder@tgt:t0/c0__cat": 10,
        "embedder@tgt:t1/c1__cat": 10,
        "embedder@tgt:t2/c2__cat": 7,
        "embedder@tgt:t3/c3__cat": 10,
        "embedder@tgt:t4/c4__cat": 10,
        "embedder@tgt:t5/c5__cat": 10,
        "embedder@tgt:t6/c6__cat": 10,
        "embedder@tgt:t7/c7__cat": 10,
        "embedder@tgt:t8/c8__cat": 10,
        "embedder@tgt:t9/c9__cat": 10,
        "history@": [
            448
        ],
        "regressor@tgt:/__slen_cat": [
            32
        ],
        "regressor@tgt:/__sidx_cat": [
            32
        ],
        "regressor@tgt:/__sdec_cat": [
            32
        ],
        "regressor@tgt:t0/c0__cat": [
            48
        ],
        "regressor@tgt:t1/c1__cat": [
            64
        ],
        "regressor@tgt:t2/c2__cat": [
            32
        ],
        "regressor@tgt:t3/c3__cat": [
            64
        ],
        "regressor@tgt:t4/c4__cat": [
            64
        ],
        "regressor@tgt:t5/c5__cat": [
            32
        ],
        "regressor@tgt:t6/c6__cat": [
            48
        ],
        "regressor@tgt:t7/c7__cat": [
            64
        ],
        "regressor@tgt:t8/c8__cat": [
            64
        ],
        "regressor@tgt:t9/c9__cat": [
            48
        ]
    },
    "enable_flexible_generation": false
}